"titulo","edad_45_Carlos","edad_45_Adrian","factores_ee_Carlos","factores_ee_Adrian","reporte_rr_Carlos","reporte_rr_Adrian","reporte_or_Carlos","reporte_or_Adrian","envejecimiento_es_Carlos","envejecimiento_es_Adrian","cohorte_Carlos","cohorte_Adrian","estudio_ee_Carlos","estudio_ee_Adrian","accion_Carlos","accion_Adrian","comentario_Carlos","comentario_Adrian","accion_2_Carlos","accion_2_Adrian","agree"
"150 minutes of vigorous physical activity per week predicts survival and successful ageing: a population-based 11-year longitudinal study of 12 201 older Australian men.",1,1,1,1,1,2,2,2,1,1,1,1,2,2,NA,1,NA,"reporta HR",1,1,"agree"
"A 3-year follow-up study on cardiovascular disease and mortality in older people with intellectual disabilities.",1,1,2,2,2,2,2,2,2,2,3,1,2,1,NA,2,NA,"Utiliza Densidad de incidencia",0,0,"agree"
"A Healthy Dietary Pattern at Midlife, Combined with a Regulated Energy Intake, Is Related to Increased Odds for Healthy Aging.",1,1,1,1,2,2,1,1,1,1,3,1,2,1,NA,1,NA,NA,1,1,"agree"
"A Longitudinal Examination of the Effects of Early Influences and Midlife Characteristics on Successful Aging.",1,1,1,1,2,2,1,1,1,1,1,1,2,1,3,1,"Se pone en duda su metodologa.",NA,1,1,"agree"
"A longitudinal study of the impact of chronic psychological stress on health-related quality of life and clinical biomarkers: protocol for the Australian Healthy Aging  of Women Study.",1,1,2,2,2,3,2,3,2,2,1,1,2,1,NA,2,NA,"Muejres",0,0,"agree"
"A model of successful ageing in British populations.",1,1,1,1,3,2,3,2,1,1,3,1,2,2,3,1,"No queda clara la relacin.",NA,1,1,"agree"
"A National Longitudinal Study of Partnered Sex, Relationship Quality, and Mental Health Among Older Adults.",1,1,2,2,2,3,2,3,2,2,1,1,1,2,NA,2,NA,"Sólo estudia la salud mental y su relación con la actividad sexual",0,0,"agree"
"A novel phospholipid delivery system of curcumin (Meriva®) preserves muscular mass in healthy aging subjects.",1,1,2,2,2,2,2,2,2,1,4,2,2,2,NA,2,NA,"Valora un suplente alimenticio",0,0,"agree"
"A prospective cohort study of health behavior profiles after age 50 and mortality risk.",1,1,2,2,2,2,2,2,2,2,1,1,2,2,NA,2,NA,"Sólo incluye factores físicos",0,0,"agree"
"A salutogenic inquiry into positive aging - a longitudinal analysis.",1,1,1,1,3,3,3,3,1,1,1,1,2,2,NA,1,"Positive aging",NA,1,1,"agree"
"A single measurement of serum phylloquinone is an adequate indicator of long-term phylloquinone exposure in healthy older adults.",2,1,2,2,2,2,2,2,2,2,4,1,1,2,NA,2,NA,NA,0,0,"agree"
"Abstract 12233:  Low Cardiovascular Risk in Midlife Predicts Active and Healthy Aging",1,1,1,1,2,2,1,1,1,1,2,1,2,1,NA,1,NA,"Sólo hombres",1,1,"agree"
"Abstract P019:  Family History of Cardiovascular Disease is Associated With Cognitive Function:  The Emory Healthy Aging Study.  Abstract",1,1,2,1,2,2,2,3,2,2,4,2,1,1,NA,1,NA,NA,0,0,"agree"
"Accelerated epigenetic age and cognitive decline among urban-dwelling adults.",1,1,2,2,2,2,2,2,2,2,4,1,1,1,NA,2,NA,NA,0,0,"agree"
"Accelerating cortical thinning: unique to dementia or universal in aging?",2,1,2,2,2,3,2,3,2,2,1,1,2,2,NA,2,NA,NA,0,0,"agree"
"Adherence to a Mediterranean diet is associated with lower prevalence of osteoarthritis: Data from the osteoarthritis initiative.",1,1,2,2,2,2,2,1,2,2,2,2,2,2,NA,2,NA,NA,0,0,"agree"
"Adherence to Dietary Guidelines and Successful Aging Over 10 Years.",1,1,1,1,2,2,1,1,1,1,2,1,2,2,NA,2,NA,"Considero que mejor incluyas el artículo de donde se tomo la definición, muy probablemente ya esta aquí incluido",1,1,"agree"
"Adiposity Without Obesity: Associations with Osteoporosis, Sarcopenia, and Falls in the Healthy Ageing Initiative Cohort Study.",1,1,2,2,2,2,2,1,2,2,4,2,1,1,NA,2,NA,NA,0,0,"agree"
"Adolescent self-control behavior predicts body weight through the life course: a prospective birth cohort study.",1,1,2,2,2,2,2,2,2,2,4,1,2,2,NA,2,NA,NA,0,0,"agree"
"Aging disturbs the balance between effector and regulatory CD4+ T cells.",2,2,2,2,2,2,2,2,2,2,4,2,2,2,NA,2,NA,NA,0,0,"agree"
"Alteration of Cardiac Performance and Serum B-Type Natriuretic Peptide Level in Healthy Aging.",1,1,2,2,2,2,2,2,1,2,4,2,2,1,NA,2,NA,NA,0,0,"agree"
"Are people healthier if their partners are more optimistic? The dyadic effect of optimism on health among older adults.",1,1,2,2,2,2,2,2,2,2,5,1,2,1,NA,2,NA,NA,0,0,"agree"
"Arterial-spin-labeling (ASL) perfusion MRI predicts cognitive function in elderly individuals: A 4-year longitudinal study.",2,2,2,2,2,2,2,2,2,2,1,1,2,2,NA,2,NA,"Incluye desde los 20 años de edad",0,0,"agree"
"Association Between Carbohydrate Nutrition and Successful Aging Over 10 Years.",1,1,1,1,2,2,1,1,1,1,3,1,2,2,NA,1,NA,NA,1,1,"agree"
"Association Between Dietary Patterns in Midlife and Healthy Ageing in Chinese Adults: The Singapore Chinese Health Study.",1,1,1,1,2,2,1,1,1,1,1,1,1,1,NA,1,NA,NA,1,1,"agree"
"Association between healthy vascular aging and the risk of the first stroke in a community-based Chinese cohort.",1,1,2,2,2,2,2,1,2,2,3,1,2,1,NA,2,NA,"Habla sobre el envejecimiento arterial saludable, no como concepto de envejecimiento exitoso.",0,0,"agree"
"Association between higher levels of sexual function, activity, and satisfaction and self-rated successful aging in older postmenopausal women.",1,1,1,2,3,2,3,2,1,2,4,2,2,2,NA,2,NA,"Autorreporte de como consideran su envejecimiento exitoso o no",0,0,"agree"
"Association between successful aging transitions and depressive symptoms among older Korean adults: findings from the Korean longitudinal study of aging (2006-2018).",1,1,1,1,2,2,1,1,1,1,1,1,1,1,NA,1,NA,"Modelo de Rowe y Kahn",1,1,"agree"
"Association Between Vitamin D, Frailty, and Progression of Frailty in Community-Dwelling Older Women.",1,1,2,2,2,2,2,1,2,2,3,2,2,1,NA,2,NA,"Estudia Fragilidad",0,0,"agree"
"Association of 10-Year C-Reactive Protein Trajectories With Markers of Healthy Aging: Findings From the English Longitudinal Study of Aging.",1,1,1,1,2,2,1,1,1,1,3,1,1,1,NA,1,NA,NA,1,1,"agree"
"Association of Antioxidant Vitamins A, C, E and Carotenoids with Cognitive Performance over Time: A Cohort Study of Middle-Aged Adults.",1,2,2,2,2,2,2,2,2,2,3,1,1,1,NA,2,NA,"Incluye menores de 40 años",0,0,"agree"
"Association of body mass index and waist circumference with successful aging.",1,1,1,1,2,2,1,1,1,1,3,1,2,1,NA,1,NA,"Los factores de EE son clínicos",1,1,"agree"
"Association of midlife smoking status with change in processing speed and mental flexibility among HIV-seropositive and HIV-seronegative older men: the Multicenter  AIDS Cohort Study.",1,1,2,2,2,3,2,3,2,2,3,1,2,2,NA,2,NA,NA,0,0,"agree"
"Association of regional muscle strength with mortality and hospitalisation in older people.",1,1,2,2,2,2,2,2,2,2,4,1,1,1,NA,2,NA,"No habla de factores o relación con envejecimiento exitoso. Estudia la relación de la fuerza muscular con el envejecimiento.",0,0,"agree"
"Associations of Lifestyle Behaviour and Healthy Ageing in Five Latin American and the Caribbean Countries-A 10/66 Population-Based Cohort Study.",1,1,1,1,2,2,1,1,1,1,3,1,2,2,NA,1,"Checar el estudio 10/66",NA,1,1,"agree"
"Associations of Successful Aging With Socioeconomic Position Across the Life-Course: The West of Scotland Twenty-07 Prospective Cohort Study.",1,1,1,1,3,1,3,2,1,1,2,1,2,2,NA,1,NA,NA,1,1,"agree"
"Associations with successful ageing in the """"""""Healthy Old People in Edinburgh"""""""" cohort: being well, fit and healthy.",1,1,1,1,3,3,3,3,1,1,2,1,2,2,NA,1,NA,NA,1,1,"agree"
"Atrophy of the parietal lobe in preclinical dementia.",1,1,2,2,2,2,2,2,2,2,4,1,2,1,NA,2,NA,NA,0,0,"agree"
"Bi-directional Association of Cerebrospinal Fluid Immune Markers with Stage of Alzheimer's Disease Pathogenesis.",1,1,2,2,2,2,2,2,2,2,4,2,1,2,NA,2,NA,NA,0,0,"agree"
"Biochemical and Hematological Correlates of Elevated Homocysteine in National Surveys and a Longitudinal Study of Urban Adults.",1,1,2,2,2,3,2,3,2,2,4,1,1,1,NA,2,NA,NA,0,0,"agree"
"Body mass index and unintentional weight change associated with all-cause mortality in older Australians: the Melbourne Longitudinal Studies on Healthy Ageing (MELSHA).",1,1,2,2,2,3,2,3,2,2,3,1,1,2,NA,1,NA,NA,0,0,"agree"
"Boomer matters: Responding to emotional health needs in an aging society",1,1,2,2,2,2,2,2,2,2,4,2,2,2,NA,2,"cualitativo",NA,0,0,"agree"
"Brain-derived neurotrophic factor (BDNF) gene: a gender-specific role in cognitive function during normal cognitive aging of the MEMO-Study?",1,1,2,2,2,3,2,3,2,2,4,2,2,1,NA,2,NA,NA,0,0,"agree"
"Caloric Restriction, the Traditional Okinawan Diet, and Healthy Aging: The Diet of the World's Longest-Lived People and Its Potential Impact on Morbidity and Life Span.  Miscellaneous Article",1,1,1,1,3,3,3,3,1,1,2,1,2,1,3,2,NA,NA,1,1,"agree"
"Can maintaining cognitive function at 65 years old predict successful ageing 6 years later? The PROOF study.",1,1,1,1,2,2,2,2,1,1,1,2,2,2,NA,1,NA,NA,1,1,"agree"
"Change in Engagement in Cognitive Activity and Risk for Mild Cognitive Impairment in a Cohort of Older Adults: The Monongahela-Youghiogheny Healthy Aging Team (MYHAT)  Study.",1,1,2,2,2,2,2,2,2,2,2,1,1,2,NA,2,NA,NA,0,0,"agree"
"Characterising neural signatures of successful aging: Electrophysiological correlates of preserved episodic memory in older age",1,1,2,2,2,2,2,2,2,2,5,2,2,1,3,2,NA,NA,0,0,"agree"
"Characteristics of Healthy Older Adults that Influence Self-rated Cognitive Function.",1,1,2,2,2,2,2,2,2,2,4,2,2,2,NA,2,NA,NA,0,0,"agree"
"Childhood adversity, midlife generativity, and later life well-being.",1,1,1,2,3,2,3,1,1,2,5,1,1,1,3,2,NA,NA,0,0,"agree"
"Cigarette Smokers, Never-Smokers, and Transitions: Implications for Successful Aging.",1,1,1,2,3,3,3,3,1,1,5,1,2,2,NA,2,NA,NA,0,0,"agree"
"Circulating glucuronic acid predicts healthspan and longevity in humans and mice.",2,1,2,2,2,2,2,2,2,2,3,1,2,2,NA,2,NA,"No usa ningún modelo de envejecimiento exitoso",0,0,"agree"
"Cognitive abilities, brain white matter hyperintensity volume, and structural network connectivity in older age.",1,1,2,2,2,2,2,2,2,2,3,2,2,2,NA,2,NA,NA,0,0,"agree"
"Cognitive and non-cognitive factors contributing to the longitudinal identification of successful older adults in the betula study.",1,1,1,1,3,3,3,3,1,1,1,1,2,1,NA,1,NA,NA,1,1,"agree"
"Cognitive Diversity in a Healthy Aging Cohort:  Cross-Domain Cognition in the Cam-CAN Project",1,1,2,1,2,3,2,3,2,2,5,1,1,1,NA,1,NA,"Relación cognición envejecimiento",0,0,"agree"
"Commonalities in biomarkers and phenotypes between mild cognitive impairment and cerebral palsy: a pilot exploratory study.",1,1,2,2,2,3,2,3,2,2,4,1,2,2,NA,2,NA,"Menciona HA sólo como un termino no como un concepto",0,0,"agree"
"Community engagement and dementia risk: time-to-event analyses from a national cohort study.",1,1,2,2,2,2,2,2,2,2,1,1,1,1,NA,NA,NA,"usa HR, no menciona es0ecficamente puntos de HA sin embargo si los considera",0,0,"agree"
"Comparison of the Rowe-Kahn Model of Successful Aging With Self-rated Health and Life Satisfaction: The West of Scotland Twenty-07 Prospective Cohort Study.",1,1,1,1,3,3,3,3,1,1,2,1,2,1,NA,1,NA,NA,1,1,"agree"
"Conducting systematic researches on influencing factors for healthy ageing and promoting scientific implementation of health promotion program for the elderly.",1,2,1,2,2,2,2,NA,1,2,4,2,1,2,NA,2,"Reporte de estudios.","ESTA EN CHINO",0,0,"agree"
"Cystatin C and aging success.",1,1,1,1,3,2,3,2,1,1,3,1,2,2,NA,1,NA,"Usan HR, y le dan más peso a libertad de enfermedad",1,1,"agree"
"Decomposition of Mediterranean Dietary Pattern on Successful Aging, Among Older Adults: A Combined Analysis of Two Epidemiological Studies.",1,1,1,1,3,3,3,3,1,1,2,1,2,1,NA,1,NA,NA,1,1,"agree"
"Depressive symptoms in late life and cerebrovascular disease: the importance of intelligence and lesion location.",1,1,2,1,2,3,2,3,2,2,1,1,2,2,NA,2,NA,NA,0,0,"agree"
"Determinants of fluid intelligence in healthy aging: Omega-3 polyunsaturated fatty acid status and frontoparietal cortex structure.",1,1,2,2,2,2,2,2,2,2,5,2,2,2,NA,2,NA,"ESTUDIO CLÍNICO",0,0,"agree"
"Determinants of successful aging using a multidimensional definition among Chinese elderly in Singapore.",1,1,1,1,2,2,1,2,1,1,1,1,1,1,NA,1,NA,NA,1,1,"agree"
"Development of a Food Group-Based Diet Score and Its Association with Bone Mineral Density in the Elderly: The Rotterdam Study.",1,2,2,2,2,2,2,2,2,2,3,2,2,2,NA,2,NA,"Dieta y densidad ósea en adultos mayores",0,0,"agree"
"Diet and Nutrition Risk Affect Mobility and General Health in Osteoarthritis: Data from the Canadian Longitudinal Study on Aging.",1,1,2,2,2,3,2,3,2,1,4,2,1,1,NA,2,NA,NA,0,0,"agree"
"Dietary antioxidant intake and its association with cognitive function in an ethnically diverse sample of US adults.",2,1,2,2,2,2,2,2,2,2,4,2,1,1,NA,2,NA,NA,0,0,"agree"
"Dietary patterns as predictors of successful ageing.",1,1,1,1,2,2,1,1,1,1,2,1,2,1,NA,1,NA,NA,1,1,"agree"
"Dietary Patterns Associated with Lower 10-Year Atherosclerotic Cardiovascular Disease Risk among Urban African-American and White Adults Consuming Western Diets.",1,1,2,2,2,3,2,3,2,2,4,2,1,1,NA,2,NA,"Buscar Healthy Aging in Neighborhoods of Diversity across the Life Span (HANDLS) que es de donde deriva este trabajo",0,0,"agree"
"Dietary quality, lifestyle factors and healthy ageing in Europe: the SENECA study.",1,1,1,1,3,2,3,2,1,1,1,1,1,2,NA,1,NA,"Utiliza HR",1,1,"agree"
"Dietary scores at midlife and healthy ageing in a French prospective cohort.",1,1,1,1,2,2,1,1,1,1,1,1,2,2,NA,1,NA,NA,1,1,"agree"
"Differential aging of cerebral white matter in middle-aged and older adults: A seven-year follow-up.",1,1,2,2,2,2,2,2,2,2,1,2,2,2,NA,2,NA,NA,0,0,"agree"
"Do cherished children age successfully? Longitudinal findings from the Veterans Affairs Normative Aging Study.",1,1,2,2,2,2,2,2,2,2,1,2,1,2,NA,2,NA,NA,0,0,"agree"
"Dynamic links between memory and functional limitations in old age: longitudinal evidence for age-based structural dynamics from the AHEAD study.",1,1,2,2,2,2,2,2,2,2,1,1,2,1,NA,2,NA,"Comparación de resultados de estudios longitudinales de envejecimiento",0,0,"agree"
"Education and wealth inequalities in healthy ageing in eight harmonised cohorts in the ATHLOS consortium: a population-based study.",1,1,1,1,3,3,3,3,1,1,1,2,1,1,NA,1,NA,NA,1,1,"agree"
"Effect of Cardiovascular and Metabolic Disease on Cognitive Test Performance and Cognitive Change in Older Adults.",1,1,2,2,2,2,2,2,2,2,2,1,2,2,NA,2,NA,NA,0,0,"agree"
"Effect of Early- and Adult-Life Socioeconomic Circumstances on Physical Inactivity.",1,1,2,2,2,2,2,1,2,2,2,1,1,1,NA,2,NA,NA,0,0,"agree"
"Effective coverage for hypertension treatment among middle-aged adults and the older population in China, 2011 to 2013: A nationwide longitudinal study.",2,1,2,2,2,2,2,1,2,2,3,1,2,1,NA,1,NA,NA,0,0,"agree"
"Engagement in social activities and progression from mild to severe cognitive impairment: the MYHAT study.",1,1,2,2,2,2,2,1,2,2,3,1,1,1,NA,2,NA,NA,0,0,"agree"
"Epigenetic age acceleration predicts cancer, cardiovascular, and all-cause mortality in a German case cohort.",1,1,2,2,2,2,2,1,2,2,4,1,2,1,NA,2,NA,NA,0,0,"agree"
"Estimates of age-dependent cutoffs for pathological brain volume loss using SIENA/FSL-a longitudinal brain volumetry study in healthy adults.",2,1,2,2,2,2,2,2,2,2,1,1,2,2,NA,2,NA,NA,0,0,"agree"
"Evaluation of successful aging among older people in China: Results from China health and retirement longitudinal study.",1,1,1,1,2,2,1,1,1,1,1,1,2,1,NA,1,NA,NA,1,1,"agree"
"Evaluation of the Relative Validity of the Short Diet Questionnaire for Assessing Usual Consumption Frequencies of Selected Nutrients and Foods.",1,1,2,2,2,2,2,2,2,2,4,1,1,1,NA,2,NA,"Deriva del estudio NuAge",0,0,"agree"
"Exceptionally Long-Lived Individuals (ELLI) Demonstrate Slower Aging Rate Calculated by DNA Methylation Clocks as Possible Modulators for Healthy Longevity.",1,1,2,2,2,2,2,2,2,2,4,1,2,1,NA,2,NA,"Es derivado del estudio The Israeli Multi-Ethnic Centenarian Study (IMECS) ",0,0,"agree"
"Factors affecting the survival probability of becoming a centenarian for those aged 70, based on the human mortality database: income, health expenditure, telephone,  and sanitation.",1,1,2,2,2,2,2,2,2,2,4,2,2,2,NA,2,NA,"Estudia los factores que influyen para ser centenario",0,0,"agree"
"Factors associated with ADL/IADL disability in community dwelling older adults in the Irish longitudinal study on ageing (TILDA).",1,1,2,2,2,2,2,1,2,2,4,2,1,1,NA,2,NA,"Deriva del estudio TILDA",0,0,"agree"
"Factors associated with healthy aging in septuagenarian and nonagenarian Mexican adults.",1,1,1,1,2,2,1,1,1,1,2,1,1,2,NA,1,NA,NA,1,1,"agree"
"Factors Influencing Longitudinal Stair Climb Performance from Midlife to Early Late Life: The Study of Women's Health Across the Nation Chicago and Michigan Sites.",1,1,2,2,2,2,2,2,2,2,1,1,2,2,NA,2,NA,"Derivado del estudio CRELES, the “Costa Rican Study on Longevity and Healthy Aging”",0,0,"agree"
"Fibroblast Growth Factor 23 and Blood Pressure in Older Adults: The Health, Aging, and Body Composition Study.",1,1,2,2,2,1,2,2,2,2,3,1,1,1,NA,2,NA,"Es parte del estudio general Healthy Aging and Body Composition Study., ene set artículo no to a puntos de envejecimiento exitoso",0,0,"agree"
"Foot Problems in Older Adults Associations with Incident Falls, Frailty Syndrome, and Sensor-Derived Gait, Balance, and Physical Activity Measures.",1,1,2,2,2,2,2,1,2,2,5,2,2,1,NA,2,NA,"Estudio transversal derivado del Arizona Frailty Cohort Study",0,0,"agree"
"Friendships that money can buy: financial security protects health in retirement by enabling social connectedness.",2,1,2,2,2,3,2,3,2,2,1,2,2,1,NA,2,NA,NA,0,0,"agree"
"Gender difference and correlation between sexuality, thyroid hormones, cognitive, and physical functions in elderly fit.",1,1,2,2,2,2,2,2,2,2,4,2,2,2,NA,1,NA,"No tiene en si definición sobre envejecimiento exitoso sin embargo utiliza variables que forman parte del concepto, valorarlo",0,0,"agree"
"Genetic profiles of longevity and healthy cognitive aging in nonagenarians from the Basque Country.",1,1,2,2,2,2,2,2,2,2,4,2,2,2,NA,2,"Planteamiento de un estudio.",NA,0,0,"agree"
"Good Midlife Dietary Habits May Increase Likelihood of Healthy Aging.",2,2,2,2,2,2,2,2,2,2,4,2,2,2,NA,2,"No se pude conseguir el abstract","No se encotró el artículo.",0,0,"agree"
"Grandparenting predicts late-life cognition: Results from the Women's Healthy Ageing Project.",1,1,2,2,2,2,2,2,2,2,4,2,1,1,NA,2,NA,"Transvlongitudinal prospective Women's Healthy Ageing Project (WHAP).ersal derivado del",0,0,"agree"
"Greater Periaortic Fat Volume at Midlife Is Associated with Slower Gait Speed Later in Life in Women: The SWAN Cardiovascular Fat Ancillary Study.",2,1,2,2,2,2,2,2,2,2,2,1,2,1,NA,2,NA,NA,0,0,"agree"
"Health behaviors and multimorbidity resilience among older adults using the Canadian Longitudinal Study on Aging.",1,1,2,2,2,2,2,2,2,2,4,2,1,1,NA,2,NA,"derivado del Canadian Longitudinal Study on Aging (CLSA)",0,0,"agree"
"Health, functional ability and life satisfaction among older people 65 years and over: a cross-sectional study.",1,1,2,2,2,2,2,2,2,2,4,2,2,2,NA,2,NA,NA,0,0,"agree"
"Health, social and lifestyle factors in entry to residential aged care: an Australian longitudinal analysis.",1,1,2,2,2,2,2,2,2,2,2,1,1,2,NA,2,NA,"Utiliza HR",0,0,"agree"
"Healthy aging attenuates task-related specialization in the human medial temporal lobe.",2,1,2,2,2,2,2,2,2,2,4,1,2,2,NA,2,NA,NA,0,0,"agree"
"Healthy aging in elderly cochlear implant recipients: a multinational observational study.",1,1,2,2,2,2,2,2,1,2,1,2,2,2,NA,2,"Protcolo",NA,0,0,"agree"
"Higher Levels of Endogenous Estradiol are Associated with Frailty in Postmenopausal Women from the Toledo Study for Healthy Aging.  Miscellaneous Article",2,1,2,2,2,2,2,1,2,2,4,1,1,1,NA,2,NA,NA,0,0,"agree"
"Housing and Care for Older Women in Australia.",1,1,2,2,2,2,2,1,2,2,1,2,2,1,NA,2,NA,"Deriva del Australian Longitudinal Study on Women's Health",0,0,"agree"
"Impact of dopamine-related genetic variants on physical activity in old age - a cohort study.",1,1,2,2,2,2,2,2,2,2,4,1,1,2,NA,2,NA,NA,0,0,"agree"
"Impact of morbidity and life events on successful aging.",1,1,1,1,3,1,3,2,1,1,3,1,2,1,NA,1,NA,"deriva del Survey of Health and Living Status for the Elderly in Taiwan,",1,1,"agree"
"Impact of Social Isolation on Physical Functioning Among Older Adults: A 9-Year Longitudinal Study of a U.S.-Representative Sample.",1,1,2,2,2,2,2,1,2,2,1,1,1,1,NA,2,NA,NA,0,0,"agree"
"Impact of vertigo and dizziness on self-perceived participation and autonomy in older adults: results from the KORA-Age study.",1,1,2,2,2,2,2,2,2,2,4,1,1,1,NA,2,NA,NA,0,0,"agree"
"Impaired verbal episodic memory in healthy older adults is marked by increased F(2)-Isoprostanes.",1,1,2,2,2,2,2,2,2,2,4,2,2,1,NA,2,NA,NA,0,0,"agree"
"Inferior temporal tau is associated with accelerated prospective cortical thinning in clinically normal older adults.",1,1,2,2,2,2,2,2,2,2,1,2,1,2,NA,2,NA,NA,0,0,"agree"
"Inflammation, But Not Telomere Length, Predicts Successful Ageing at Extreme Old Age: A Longitudinal Study of Semi-supercentenarians.",1,1,1,1,3,2,3,2,1,1,1,1,2,1,NA,1,NA,"USA HR",1,1,"agree"
"Influence Of Exercise And Gardening Activity On Successful Aging: A Six-year Cohort Study: 3016 May 29 2:45 PM - 3:00 PM",1,1,1,1,2,2,1,1,1,1,1,1,1,1,NA,1,NA,NA,1,1,"agree"
"Influence of individual and combined healthy behaviours on successful aging.",1,1,1,1,2,2,1,1,1,1,2,1,2,2,NA,1,NA,NA,1,1,"agree"
"Influence of visual impairment on mortality in the elderly aged 65 years and older in 8 longevity areas in China.",1,1,2,2,2,2,2,2,2,2,1,1,1,1,NA,2,NA,"USA HR",0,0,"agree"
"Influencing factors for depressive symptoms in the elderly aged 65 years and older in 8 longevity areas in China.",1,NA,2,NA,2,NA,2,NA,2,NA,4,NA,1,NA,NA,NA,NA,"ESTA EN CHINO",0,0,"agree"
"Intermittent Fasting Enhanced the Cognitive Function in Older Adults with Mild Cognitive Impairment by Inducing Biochemical and Metabolic changes: A 3-Year  Progressive Study.",1,1,2,2,2,2,2,2,2,2,1,1,2,1,NA,2,NA,NA,0,0,"agree"
"Interrelated factors favoring physical performance and activity in older adults from the NuAge cohort study.",1,1,2,2,2,2,2,2,2,2,4,1,1,1,NA,2,NA,"CONSEGUIR EL ESTUDIO NuAge",0,0,"agree"
"Is Bullying Victimization in Childhood Associated With Mental Health in Old Age.",1,1,2,2,2,2,2,1,2,2,4,1,2,1,NA,2,NA,"Deriva del China Health and Retirement Longitudinal Survey (CHARLS)",0,0,"agree"
"Is fat mass distribution related to impaired mobility in older men and women? Nutrition as a determinant of successful aging: the Quebec longitudinal study.",1,1,2,2,2,2,2,2,2,2,5,2,2,1,NA,2,NA,"Deriva del estudio NuAge",0,0,"agree"
"Lack of neural compensatory mechanisms of BDNF val66met met carriers and APOE E4 carriers in healthy aging, mild cognitive impairment, and Alzheimer's disease",1,1,2,2,2,3,2,3,2,2,3,1,2,2,NA,2,NA,NA,0,0,"agree"
"Late-life factors associated with healthy aging in older men.",1,1,1,1,3,1,3,2,1,1,1,1,2,1,NA,1,NA,NA,1,1,"agree"
"Leukocyte telomere length and ideal cardiovascular health in American Indians: the Strong Heart Family Study.",2,1,2,2,2,2,2,2,2,2,5,2,2,1,NA,2,NA,NA,0,0,"agree"
"Levels of and changes in life satisfaction predict mortality hazards: Disentangling the role of physical health, perceived control, and social orientation.",2,1,2,2,2,2,2,2,2,2,1,1,2,2,NA,2,NA,"USA HR",0,0,"agree"
"Life satisfaction and frequency of doctor visits.",1,1,2,2,2,1,2,2,2,2,1,1,2,1,NA,2,NA,"Deriva del  Health and Retirement Study ",0,0,"agree"
"Lifestyle in mental health and injury prevention among the elderly in Gorenjska region.",1,1,2,1,2,3,2,3,2,2,2,1,2,2,NA,1,NA,"Buscar la versión en ingles.",0,0,"agree"
"Longitudinal Associations between Monetary Value of the Diet, DASH Diet Score and the Allostatic Load among Middle-Aged Urban Adults.",2,2,2,2,2,3,2,3,2,2,2,2,1,2,NA,2,NA,"Deriva de Healthy Aging in Neighborhoods of Diversity across the Life Span (HANDLS) study",0,0,"agree"
"Longitudinal brain volumetric changes during one year in non-elderly healthy adults: a voxel-based morphometry study.",2,1,2,2,2,2,2,2,2,2,3,2,2,1,NA,2,NA,NA,0,0,"agree"
"Longitudinal Change in Performance on the Montreal Cognitive Assessment in Older Adults.",1,1,2,2,2,2,2,2,2,2,1,1,1,1,NA,1,NA,"En el resumen no menciona los factores, valorar el artículo completo ya que menciona envejecimiento saludable.",0,0,"agree"
"Longitudinal change in the diet's monetary value is associated with its change in quality and micronutrient adequacy among urban adults.",1,1,2,2,2,2,2,2,2,2,1,1,1,1,NA,2,NA,NA,0,0,"agree"
"Longitudinal changes in odor identification performance and neuropsychological measures in aging individuals.",1,1,2,2,2,2,2,2,1,1,1,2,2,2,NA,2,NA,NA,0,0,"agree"
"Longitudinal comparative transcriptomics reveals unique mechanisms underlying extended healthspan in bats.",2,2,2,2,2,2,2,2,2,2,4,2,2,2,NA,2,NA,"es un estudio en mrcielagos",0,0,"agree"
"Long-term athletic training does not alter age-associated reductions of left-ventricular mid-diastolic lengthening or expansion at rest.",2,1,2,2,2,2,2,2,2,2,1,2,2,2,NA,2,NA,NA,0,0,"agree"
"Low protein intake, physical activity, and physical function in European and North American community-dwelling older adults: a pooled analysis of four longitudinal aging cohorts.",1,1,2,2,2,2,2,2,2,2,1,1,1,1,NA,2,NA,"Usa HR",0,0,"agree"
"Lower Prescription Rates in Centenarians with Heart Failure and Heart Failure and Kidney Disease Combined: Findings from a Longitudinal Cohort Study of Very Old  Patients.",1,1,2,2,2,2,2,1,2,2,2,1,2,2,NA,2,NA,NA,0,0,"agree"
"Meaning in Life and Its Relationship With Physical, Mental, and Cognitive Functioning: A Study of 1,042 Community-Dwelling Adults Across the Lifespan.",1,1,2,2,2,2,2,2,2,2,4,2,1,1,NA,2,NA,"Remar a el estado cognitivo",0,0,"agree"
"Measurement of hippocampal atrophy using 4D graph-cut segmentation: application to ADNI.",2,1,2,2,2,2,2,2,2,2,5,2,2,2,NA,2,NA,NA,0,0,"agree"
"Measuring cognitive performance in way that incorporates the concept of active and healthy ageing (AHA).",1,1,2,2,2,2,2,2,2,2,4,2,1,2,NA,2,NA,NA,0,0,"agree"
"Mediterranean-Style Diet Improves Systolic Blood Pressure and Arterial Stiffness in Older Adults.",1,1,2,2,2,2,2,2,2,2,4,2,1,1,NA,2,NA,NA,0,0,"agree"
"Metabolic Syndrome and Neurocognitive Deficits in HIV Infection",1,1,2,2,2,2,2,2,2,2,5,2,1,1,NA,2,NA,"Deriva del  Multi-dimensional Successful Aging cohort study at the University of California San Diego",0,0,"agree"
"Midlife Cardiorespiratory Fitness and the Long-Term Risk of Mortality: 46 Years of Follow-Up.",1,1,2,1,2,3,2,2,2,2,3,1,2,2,NA,2,NA,NA,0,0,"agree"
"Midlife Long-Hour Working and Later-life Social Engagement Are Associated with Reduced Risks of Mild Cognitive Impairment among Community-Living Singapore Elderly.",1,1,2,2,2,2,2,1,2,2,5,2,1,1,NA,2,NA,"deriva del Diet and Healthy Aging (DaHA)",0,0,"agree"
"Mood and Personality Characteristics are Associated with Metamemory Knowledge Accuracy in a Community-Based Cohort of Older Adults.",1,1,2,2,2,2,2,2,2,2,2,2,2,2,NA,2,NA,NA,0,0,"agree"
"Muscle wasting in patients with chronic heart failure: results from the studies investigating co-morbidities aggravating heart failure (SICA-HF).",2,2,2,1,2,2,2,2,2,2,4,1,2,2,NA,2,NA,NA,0,0,"agree"
"Neural substrates of vulnerability to postsurgical delirium as revealed by presurgical diffusion MRI.",1,1,2,2,2,2,2,2,2,2,4,2,1,2,NA,2,NA,NA,0,0,"agree"
"Nutrient Patterns, Cognitive Function, and Decline in Older Persons: Results from the Three-City and NuAge Studies.",1,1,2,1,2,3,2,3,2,2,1,1,1,1,NA,1,NA,"Deriva del NuAge",0,0,"agree"
"Nutritional risk in community-dwelling older men: the Manitoba follow-up study.",1,1,2,1,2,2,2,1,1,2,3,1,2,1,NA,2,NA,NA,0,0,"agree"
"Older Women in Australia: Facing the Challenges of Dual Sensory Loss.",1,1,2,2,2,2,2,2,2,2,1,1,1,1,NA,1,NA,NA,0,0,"agree"
"Optimism and Healthy Aging in Women and Men.",1,1,1,1,3,2,3,2,1,1,1,1,2,1,NA,1,NA,"USA HR",1,1,"agree"
"Orthotopic liver transplant using allografts from geriatric population in the United States: is there any age limit?",1,1,2,2,2,2,2,2,2,2,4,2,2,2,NA,2,NA,NA,0,0,"agree"
"Perceived Discrimination and Longitudinal Change in Kidney Function Among Urban Adults.",2,1,2,2,2,2,2,2,2,2,1,2,1,2,NA,2,NA,"Ingluye menores de 40 años, el DOI ES DE OTRO ARTÍCULO",0,0,"agree"
"Personality traits and illicit substances: the moderating role of poverty.",2,1,2,2,2,2,2,1,2,1,4,2,1,2,NA,2,NA,"ES PARTE DE UN ETUDIO MAYOR DE EE",0,0,"agree"
"Pharyngeal Area Changes in Parkinson's Disease and Its Effect on Swallowing Safety, Efficiency, and Kinematics.",2,1,2,2,2,2,2,2,2,2,4,2,2,2,NA,2,NA,NA,0,0,"agree"
"Physical activity in an air-polluted environment: behavioral, psychological and neuroimaging protocol for a prospective cohort study (Healthy Aging in Industrial  Environment study - Program 4).",2,1,2,2,2,2,2,2,2,2,2,1,1,1,NA,2,"Protocolo","INCLUYE Menores de 40 Buscar el estudio del que deriva del The Program 4 of the Healthy Aging in Industrial Environment study",0,0,"agree"
"Physical activity levels and patterns in older adults: the influence of a DVD-based exercise program.",1,1,2,2,2,2,2,2,2,2,4,2,2,2,NA,2,"intervencin",NA,0,0,"agree"
"Physical Activity, Sedentary Behavior, and Long-Term Changes in Aortic Stiffness: The Whitehall II Study.",1,1,2,2,2,2,2,1,2,2,1,1,1,2,NA,2,NA,"Incluye menores d 40",0,0,"agree"
"Plasma amyloid is associated with the rate of cognitive decline in cognitively normal elderly: the SCIENCe project.",1,1,2,2,2,2,2,2,2,2,3,1,2,2,NA,2,NA,NA,0,0,"agree"
"Positive Aging Expectations Are Associated With Physical Activity Among Urban-Dwelling Older Adults.",2,1,2,2,2,2,2,2,2,2,1,2,2,2,NA,2,NA,NA,0,0,"agree"
"Positive life orientation in old age: a 15-year follow-up.",1,1,2,2,2,2,2,2,2,2,3,1,2,2,NA,1,NA,"Contiene datos similares a SOC valdría la pena checarlo",0,0,"agree"
"Predicting 3-year mortality and admission to acute-care hospitals, skilled nursing facilities, and long-term care facilities in Medicare beneficiaries.",2,1,2,2,2,2,2,2,2,2,1,1,2,2,NA,2,NA,NA,0,0,"agree"
"Prediction of Long-term Cognitive Decline Following Postoperative Delirium in Older Adults.",1,1,2,2,2,2,2,2,2,2,3,1,1,2,NA,2,NA,NA,0,0,"agree"
"Predictive Factors for Verbal Memory Performance Over Decades of Aging: Data from the Women's Healthy Ageing Project.",1,1,2,2,2,2,2,2,2,2,3,1,1,1,NA,2,NA,"Derivado del Women's Healthy Ageing Project  integrar la parte que contenga SA",0,0,"agree"
"Predictors and characteristics of successful aging among men: a 48-year longitudinal study.",1,1,1,1,3,3,3,3,1,1,3,1,2,2,NA,1,NA,NA,1,1,"agree"
"Prevalence of Mild Cognitive Impairment by Multiple Classifications: The Monongahela-Youghiogheny Healthy Aging Team (MYHAT) Project",1,1,2,2,2,3,2,3,2,2,4,2,1,1,NA,2,NA,"Deriva del Monongahela-Youghiogheny Healthy Aging Team (MYHAT)",0,0,"agree"
"Process dissociation analyses of memory changes in healthy aging, preclinical, and very mild Alzheimer disease: Evidence for isolated recollection deficits.",2,1,2,2,2,2,2,2,2,2,1,1,2,2,NA,2,NA,NA,0,0,"agree"
"Profile and determinants of successful aging in the Ibadan Study of Ageing.",1,1,1,1,2,2,1,1,1,1,2,1,1,1,NA,1,NA,NA,1,1,"agree"
"Prospective association between body mass index at midlife and healthy aging among French adults.",1,1,1,1,1,1,2,2,1,1,2,1,2,2,NA,1,NA,NA,1,1,"agree"
"Protein Intake and Disability Trajectories in Very Old Adults: The Newcastle 85+ Study.",1,1,2,2,2,2,2,1,2,2,2,1,2,2,NA,2,NA,NA,0,0,"agree"
"Psychosocioeconomic Precariousness, Cognitive Decline and Risk of Developing Dementia: A 25-Year Study.",1,1,2,2,2,2,2,2,2,2,3,1,2,2,NA,2,NA,NA,0,0,"agree"
"Quality of life among older people with a disability: the role of purpose in life and capabilities.",1,1,2,2,2,2,2,2,2,2,1,2,2,2,NA,2,NA,NA,0,0,"agree"
"Racial/Ethnic Differences in Sleep Quality among Older Adults: Kaiser Healthy Aging and Diverse Life Experiences (KHANDLE) Study.",1,1,2,2,2,2,2,2,2,2,4,1,1,2,NA,2,NA,NA,0,0,"agree"
"Reductions in cognitive functioning are associated with decreases in satisfaction with aging. Longitudinal findings based on a nationally representative sample.",1,1,2,2,2,2,2,3,2,2,3,1,1,1,NA,2,NA,"Deriva del estudio NuAge",0,0,"agree"
"Relationship between diet quality and cognition depends on socioeconomic position in healthy older adults.",1,1,2,2,2,2,2,2,2,2,3,1,1,1,NA,2,NA,NA,0,0,"agree"
"Repeatable Battery for the Assessment of Neuropsychological Status (RBANS): Normative Data for Older Adults.",1,1,2,2,2,2,2,2,2,2,4,1,1,1,NA,2,"Psicometra",NA,0,0,"agree"
"Residential self-selection, perceived built environment and type 2 diabetes incidence: A longitudinal analysis of 36,224 middle to older age adults.",1,1,2,2,2,2,2,1,2,2,1,2,2,2,NA,2,NA,NA,0,0,"agree"
"Role of Physical Activity in the Relationship Between Mastery and Functional Health.",1,1,2,2,2,2,2,2,2,2,1,1,2,2,NA,2,NA,"Incluye menores de 40 años",0,0,"agree"
"Running and Physical Activity in an Air-Polluted Environment: The Biomechanical and Musculoskeletal Protocol for a Prospective Cohort Study 4HAIE (Healthy Aging in  Industrial Environment-Program 4).",2,1,2,2,2,2,2,2,2,2,4,2,1,2,NA,2,"Protcoolo","deriva del Healthy aging in industrial environment study (4HAIE) Incluye menores de 40 ",0,0,"agree"
"Self-perceptions of ageing, GP visits and frequent attendance. Longitudinal findings from the German Ageing Survey.",1,1,2,2,2,1,2,1,2,2,1,2,1,1,NA,2,NA,"derivadodel  German Ageing Surve",0,0,"agree"
"Separating Symptomatic Alzheimer's Disease from Depression based on Structural MRI.",1,1,2,2,2,2,2,2,2,2,4,2,2,2,NA,2,NA,NA,0,0,"agree"
"Serial circulating omega 3 polyunsaturated fatty acids and healthy ageing among older adults in the Cardiovascular Health Study: prospective cohort study.",1,1,1,1,3,2,3,2,1,1,2,1,2,2,NA,1,NA,"Usa HR",1,1,"agree"
"Serum 25-Hydroxyvitamin D Levels as an Aging Marker: Strong Associations With Age and All-Cause Mortality Independent From Telomere Length, Epigenetic Age  Acceleration, and 8-Isoprostane Levels.",1,1,2,2,2,2,2,2,2,2,1,1,2,2,NA,2,NA,"Usa HR",0,0,"agree"
"Serum ferritin levels associated with increased risk for developing CHD in a low-income urban population.",2,1,2,2,2,2,2,2,2,2,4,1,1,1,NA,2,NA,"Incluye menores de 40",0,0,"agree"
"Serum Uric Acid and Its Association with Longitudinal Cognitive Change Among Urban Adults.",2,1,2,2,2,2,2,2,2,2,1,1,1,1,NA,2,NA,"Incluye menores de 40 Deriva del the Healthy Aging in Neighborhoods of Diversity across the Life Span stud",0,0,"agree"
"Severe lower limb cellulitis: defining the epidemiology and risk factors for primary episodes in a population-based case-control study.",2,1,2,2,2,2,2,1,2,2,4,1,2,2,NA,2,NA,"Incluye menores de 20 años",0,0,"agree"
"Sex differences in physical performance by age, educational level, ethnic groups and birth cohort: The Longitudinal Aging Study Amsterdam.",1,1,2,2,2,2,2,1,2,2,1,1,1,2,NA,2,NA,"deriva del The Longitudinal Aging Study Amsterdam",0,0,"agree"
"Sixteen-year predictors of successful aging from a southern Brazilian cohort: The PALA study",1,1,1,1,2,2,1,1,1,1,1,1,1,2,NA,1,NA,NA,1,1,"agree"
"Social connectedness and predictors of successful ageing.",1,1,1,1,3,2,3,1,1,1,1,1,2,2,NA,1,NA,NA,1,1,"agree"
"Social desirability does not confound reports of wellbeing or of socio-demographic attributes by older women.",1,1,2,1,2,2,2,2,1,2,5,2,1,2,NA,1,"La repsuesta social deseada es confusora de componentes de EE.",NA,0,0,"agree"
"Social isolation, cognitive reserve, and cognition in healthy older people.",2,1,2,1,2,2,2,3,2,2,3,1,1,2,NA,2,NA,NA,0,0,"agree"
"Social Participation and Healthy Aging Among the Older Japanese:  The Ohsaki Cohort 2006 Study",1,1,1,1,2,2,1,1,1,1,2,1,2,1,NA,1,NA,NA,1,1,"agree"
"Sociodemographic Factors Associated With Changes in Successful Aging in Spain: A Follow-Up Study.",1,1,1,1,3,2,3,2,1,1,3,1,2,2,NA,1,NA,NA,1,1,"agree"
"Socioeconomic Differences in Trajectories of Functional Capacity Among Older Japanese: A 25-Year Longitudinal Study.",1,1,2,1,2,2,2,2,2,2,1,1,2,2,NA,1,NA,NA,0,0,"agree"
"Socioeconomic inequalities in a 16-year longitudinal measurement of successful ageing.",1,1,1,1,3,2,3,1,1,1,1,1,1,2,NA,1,"Indice de EE",NA,1,1,"agree"
"Socioeconomic position and quality of life among older people: The mediating role of social support.",2,1,2,2,2,2,2,1,2,2,2,2,2,2,NA,2,NA,NA,0,0,"agree"
"Sodium intake of special populations in the Healthy Aging in Neighborhoods of Diversity Across the Life Span (HANDLS) study.",2,1,2,2,2,2,2,2,2,2,3,1,1,2,NA,2,NA,"incluye menores de 40",0,0,"agree"
"STING SNP R293Q Is Associated with a Decreased Risk of Aging-Related Diseases.",1,1,2,2,2,2,2,1,2,2,2,2,2,2,NA,2,NA,NA,0,0,"agree"
"Successful Aging as the Intersection of Individual Resources, Age, Environment, and Experiences of Well-being in Daily Activities.",1,1,1,1,3,3,3,3,1,1,3,1,2,2,NA,1,"Indice de EE",NA,1,1,"agree"
"Successful aging in the Australian Longitudinal Study of Aging: Applying the MacArthur model cross-nationally",1,1,1,1,3,2,3,1,1,1,1,1,1,2,3,1,NA,NA,1,1,"agree"
"Successful aging.",1,1,1,1,3,2,3,1,1,1,3,2,2,2,NA,1,NA,NA,1,1,"agree"
"Successful aging: effect of subclinical cardiovascular disease.",1,1,1,1,3,1,3,2,1,1,1,1,2,2,NA,1,NA,NA,1,1,"agree"
"Successfully aging predicts successful aging in successful agers: Further definitional issues",2,2,2,1,2,2,2,2,2,2,4,2,2,2,NA,2,"Comentario","Es una revisión",0,0,"agree"
"Temporal Dynamics of Motor Functioning and Cognitive Aging.",1,1,2,2,2,2,2,2,2,2,1,1,1,2,NA,2,NA,"deriva the Swedish Adoption/Twin Study of Aging",0,0,"agree"
"Temporal trends in impairments of physical function among older adults during 2001-16 in Sweden: towards a healthier ageing.",1,1,2,2,2,2,2,2,2,2,3,1,2,2,NA,2,NA,NA,0,0,"agree"
"Test-retest reliability and longitudinal analysis of automated hippocampal subregion volumes in healthy ageing and Alzheimer's disease populations.",1,1,2,2,2,2,2,2,2,2,4,1,2,2,NA,2,NA,NA,0,0,"agree"
"The challenge of maintaining successful aging at 87 years old: the Octabaix study two-year follow-up.",1,1,1,1,2,2,1,1,1,1,3,1,2,2,NA,1,NA,NA,1,1,"agree"
"The Combination of Healthy Diet and Healthy Body Weight Is Associated with Lower Risk of Nuclear Cataract in the Blue Mountains Eye Study.",1,2,2,2,2,2,2,2,2,2,1,2,2,2,NA,2,NA,"Dieta y cataratas",0,0,"agree"
"The effect of age and gender on anti-saccade performance: Results from a large cohort of healthy aging individuals",1,1,2,2,2,2,2,2,1,2,4,2,2,2,NA,2,NA,"Movimientos oculares",0,0,"agree"
"The effect of trends in health and longevity on health services use by older adults.",2,1,2,1,2,2,2,2,2,2,1,1,2,1,NA,1,NA,NA,0,0,"agree"
"The nature and cross-domain correlates of subjective age in the oldest old: Evidence from the OCTO Study.",1,1,2,2,2,2,2,1,2,2,4,1,2,2,NA,1,NA,"Menciona factores de envejecimiento exitoso pero no lo nombra como tal",0,0,"agree"
"The role of income and occupation in the association of education with healthy aging: results from a population-based, prospective cohort study.",1,1,1,1,3,2,3,1,1,1,2,1,2,2,NA,1,NA,NA,1,1,"agree"
"The Swedish Aging With Spinal Cord Injury Study (SASCIS): Methodology and Initial Results.",1,1,2,1,2,2,2,2,2,2,4,2,1,2,NA,2,"Metodologa de proyecto","Menciona factores que están dentro del concepto de SA pero no lo establece como tal en personas con daño de espina dorsal. Considerar incluirlo",0,0,"agree"
"The trajectory of negative mood and depressive symptoms over two decades.",1,1,2,2,2,2,2,2,2,2,1,1,1,2,NA,2,NA,"Menciona factores que están dentro del concepto de SA pero no lo establece como tal en personas con daño de espina dorsal. Considerar incluirlo",0,0,"agree"
"The UK Adult Twin Registry (TwinsUK Resource).",1,1,2,2,2,2,2,2,2,NA,1,1,1,2,NA,2,"Review de proyecto","Es una valoración genética de envejecimiento Incluye evade de 18 años y 103 años",0,0,"agree"
"Trajectories of Accumulation of Health Deficits in Older Adults: Are There Variations According to Health Domains?",1,1,2,2,2,3,2,3,2,2,1,1,2,2,NA,2,NA,NA,0,0,"agree"
"Trajectories of function and biomarkers with age: the CHS All Stars Study.",1,1,2,2,2,2,2,2,2,2,1,1,1,2,NA,2,NA,"Estudia sólo biomarcadores",0,0,"agree"
"Trajectories of irregular word reading ability as a proxy for premorbid intelligence in Alzheimer's disease, mild cognitive impairment, and healthy aging: A longitudinal  study.",1,1,2,2,2,2,2,2,2,2,3,1,2,2,NA,2,NA,"Solo nombra HA pero no los componentes",0,0,"agree"
"Transitioning From Successful Aging: A Life Course Approach.",1,1,1,1,3,2,3,1,1,1,1,1,2,1,3,1,NA,"Deriva del Health Retirement Study",1,1,"agree"
"Trends in food consumption over 30 years: evidence from a British birth cohort.",1,1,2,2,2,2,2,2,2,2,1,1,2,2,NA,2,NA,"Estudia los patrones de consumo de adultos mayores",0,0,"agree"
"Twelve-Month Retention in and Impact of Enhance®Fitness on Older Adults in Hawai'i.",1,1,2,2,2,2,2,2,2,2,1,1,2,2,NA,2,"Intervencin","Estudia el impacto de la actividad física en adultos mayores",0,0,"agree"
"Variants of asthma and chronic obstructive pulmonary disease genes and lung function decline in aging.",2,1,2,2,2,2,2,2,2,2,2,1,2,2,NA,2,NA,"Estudia la relacion de un polmorfismo en asmáticos adultos mayores",0,0,"agree"
"Vitamin C Status Correlates with Markers of Metabolic and Cognitive Health in 50-Year-Olds: Findings of the CHALICE Cohort Study.",1,1,2,2,2,2,2,2,2,2,4,1,2,2,NA,2,NA,"sólo estudia el efecto de la Vitamina C en los adultos mayores",0,0,"agree"
"Vitamin D Status and Intakes and Their Association With Cognitive Trajectory in a Longitudinal Study of Urban Adults.",2,1,2,2,2,2,2,2,2,2,1,1,1,2,NA,2,NA,"Derivado del the Healthy Aging in Neighborhoods",0,0,"agree"
"Water-loss (intracellular) dehydration assessed using urinary tests: how well do they work? Diagnostic accuracy in older people.",1,1,2,2,2,2,2,2,2,2,4,1,1,1,NA,2,NA,"Derivado del NuAge es solo un aspecto clínico no enfocado a los factores de SA",0,0,"agree"
"What factors influence healthy aging? A person-centered approach among older adults in Taiwan.",1,1,1,1,3,2,3,2,1,1,1,1,1,1,NA,1,NA,"Derivado del Taiwan Longitudinal Study of Aging",1,1,"agree"
"What it's like to grow older: the aging perceptions of people with an intellectual disability in Ireland.",2,2,2,2,2,2,2,2,2,2,4,2,1,1,NA,2,NA,"Estudio transversal anidado en el Irish Longitudinal Study on Aging",0,0,"agree"
"Why and when social support predicts older adults' pain-related disability: a longitudinal study.",1,1,2,2,2,2,2,2,2,2,1,1,2,2,NA,2,NA,"Manuscrito aceptado sobre el dolor y la calidad de vida en ancianos",0,0,"agree"
"Working conditions mediate the association between social class and physical function in older age in Sweden: a prospective cohort study.",1,1,2,2,2,2,2,2,2,2,1,1,2,2,NA,2,NA,"Incluye menores de 40",0,0,"agree"
