fecha,phys_factor,psic_factor,status,data_collected,titulo ,autor ,co_autores ,ano_pub,DOI,selec_representatividad,selec_no_exp,selec_exposicion,selec_evento,comp_edad,comp_otro,event_eval,event_durac,event_seg,pais,muestra,genero ,pop,edad_base,edad_rango,anos_seg,waves,marco_conceptual ,percent_ee_es,percent_m_ee_es,percent_h_ee_es,operalizacion_1,operalizacion_2,operalizacion_3,operalizacion_4,operalizacion_5,operalizacion_6,operalizacion_7,operalizacion_8,operalizacion_9,operalizacion_10,or_rr,or_rr_ajustado,crudo_ajustado
08/11/2021,,,paused ,,Chronic inflammation as a determinant of future aging phenotypes.,Akbaraly,"Akbaraly, Tasnime N.; Hamer, Mark; Ferrie, Jane E.; Lowe, Gordon; Batty, G. David; Hagger-Johnson, Gareth; Singh-Manoux, Archana; Shipley, Martin J.; Kivim√§ki, Mika",2013,10.1503/cmaj.122072,,,,,,,,,,,,,,,,,,,,,,free  of major chronic disease,Optimal physical functioning,Optimal mental functioning,Optimal cognitive  functioning,,,,,,,,,
08/11/2021,,,paused ,,150 minutes of vigorous physical activity per week predicts survival and successful ageing: a population-based 11-year longitudinal study of 12 201 older Australian men.,Almeida,"Almeida, Osvaldo P; Khan, Karim M; Hankey, Graeme J; Yeap, Bu B; Golledge, Jonathan; Flicker, Leon",2014,10.1136/bjsports-2013-092814,1,1,2,1,1,1,3,1,3,Australia ,"3,276",H 100%,Metropolitan poulation,NA ,65 - 85,9.8 - 12.6,1,Healthy aging,28.66,NA ,NA,No depression ,No cognitive impariment,Functional limitation ADL IADL ,,,,,,,,2,,
10/11/2021,,1,collected ,1,Successful aging in the Australian Longitudinal Study of Aging: Applying the MacArthur model cross-nationally,Andrews,"Andrews, Gary; Clark, Michael; Luszcz, Mary",2002,10.1111/1540-4560.00288,1,1,2,2,1,1,3,1,1,Australia ,"1,403",H 55.45%,Community dwelling,> 70,NA,8,2,Successful aging MacArthur studies,37,32.6,38.8,No cognitive impairment ,Delayed recall,No disability ADL,No disability physical performance and gross mobility ,Able to hold semi-tandem balance,Able to stand from seated position,,,,,1,,
08/11/2021,,,removed,,"Inflammation, But Not Telomere Length, Predicts Successful Ageing at Extreme Old Age: A Longitudinal Study of Semi-supercentenarians.",Arai,"Arai, Yasumichi; Martin-Ruiz, Carmen M.; Takayama, Michiyo; Abe, Yukiko; Takebayashi, Toru; Koyasu, Shigeo; Suematsu, Makoto; Hirose, Nobuyoshi; von Zglinicki, Thomas",2015,10.1016/j.ebiom.2015.07.029,,,,,,,,,,,,,,,,,,,,,,,,,,,,,,,,,,
10/11/2021,,1,collected ,1,Factors associated with healthy aging in septuagenarian and nonagenarian Mexican adults.,Arroyo-Quiroz,"Arroyo-Quiroz, Carmen; Brunauer, Regina; Alavez, Silvestre",2020,10.1016/j.maturitas.2019.10.008,1,1,2,1,1,1,1,1,1,Mexico,"4,220",M 55.1%,Metropolitan poulation,56,50 - 63,14,4,Rowe & Kahn - Healthy aging,57.8,NA ,NA,Reaching age 77,major chronic disease,maintenance of physical function ,,,,,,,,3,3,
10/11/2021,,1,collected ,1,Factors associated with healthy aging in septuagenarian and nonagenarian Mexican adults.,Arroyo-Quiroz,"Arroyo-Quiroz, Carmen; Brunauer, Regina; Alavez, Silvestre",2020,10.1016/j.maturitas.2019.10.008,1,1,2,1,1,1,1,1,1,Mexico,"1,845",M 47.1 %,Metropolitan poulation,63.18,63 - 77,14,4,Rowe & Kahn - Healthy aging,57.8,NA ,NA,Reaching age 77,major chronic disease,maintenance of physical function ,,,,,,,,1,3,
10/11/2021,,1,collected ,1,Factors associated with healthy aging in septuagenarian and nonagenarian Mexican adults.,Arroyo-Quiroz,"Arroyo-Quiroz, Carmen; Brunauer, Regina; Alavez, Silvestre",2020,10.1016/j.maturitas.2019.10.008,1,1,2,1,1,1,1,1,1,Mexico,,M 47.1 %,Metropolitan poulation,,> 90,14,4,Rowe & Kahn - Healthy aging,57.8,NA ,NA,Reaching age 77,major chronic disease,maintenance of physical function ,,,,,,,,1,3,
16/11/2021,,,paused ,,"A Healthy Dietary Pattern at Midlife, Combined with a Regulated Energy Intake, Is Related to Increased Odds for Healthy Aging.",Assmann,"Assmann, Karen E.; Lassale, Camille; Andreeva, Valentina A.; Jeandel, Claude; Hercberg, Serge; Galan, Pilar; Kesse-Guyot, Emmanuelle",2015,10.3945/jn.115.210740,,,,,,,,,,,,,,,,,,,,,,,,,,,,,,,,,,
19/11/2021,,,paused ,,Association Between Adherence to the Mediterranean Diet at Midlife and Healthy Aging in a Cohort of French Adults,Assmann,"Assmann, Karen E.; Adjibade, Moufidath; Andreeva, Valentina A.; Hercberg, Serge; Galan, Pilar; Kesse-Guyot, Emmanuelle",2018,10.1093/gerona/glx066,,,,,,,,,,,,,,,,,,,,,,,,,,,,,,,,,,
16/11/2021,,,paused ,,Association of diet quality and physical activity with healthy ageing in the French NutriNet-Sant√© cohort.,Assmann,"Assmann, Karen E.; Adjibade, Moufidath; Adriouch, Solia; Andreeva, Valentina A.; Julia, Chantal; Hercberg, Serge; Galan, Pilar; Kesse-Guyot, Emmanuelle",2019,10.1017/S0007114519000898,,,,,,,,,,,,,,,,,,,,,,,,,,,,,,,,,,
16/11/2021,,,paused ,,Dietary scores at midlife and healthy ageing in a French prospective cohort.,Assmann,"Assmann, Karen E.; Andreeva, Valentina A.; Camilleri, G√©raldine M.; Verger, Eric O.; Jeandel, Claude; Hercberg, Serge; Galan, Pilar; Kesse-Guyot, Emmanuelle",2016,10.1017/S0007114516002233,,,,,,,,,,,,,,,,,,,,,,,,,,,,,,,,,,
16/11/2021,,1,collected ,1,Late-life factors associated with healthy aging in older men.,Bell,"Bell, Christina L.; Chen, Randi; Masaki, Kamal; Yee, Priscilla; He, Qimei; Grove, John; Donlon, Timothy; Curb, J. David; Willcox, D. Craig; Poon, Leonard W.; Willcox, Bradley J.",2014,10.1111/jgs.12796,3,1,2,1,1,2,3,1,2,Hawaii,"1,292",H 100%,Population based of Japan ancestry,75.7,NA,21,1,Rowe & Kahn - Healthy aging,34%,NA,NA,Free of age-related chronic diseases,Free of physical impairment ,Free of cognitive impairment,,,,,,,,1,2,
16/11/2021,,,removed,,Outdoor adventure and successful ageing.,Boyes,"Boyes, Mike",2013,10.1017/S0144686X12000165,,,,,,,,,,,,,,,,,,,,,,,,,,,,,,,,,,
16/11/2021,,,paused ,,Tracing the origins of successful aging: the role of childhood conditions and social inequality in explaining later life health.,Brandt,"Brandt, Martina; Deindl, Christian; Hank, Karsten",2012,10.1016/j.socscimed.2012.01.004,,,,,,,,,,,,,,,,,,,,,,,,,,,,,,,,,,
16/11/2021,,1,collected ,1,Successful Aging: The Contribution of Early-Life and Midlife Risk Factors,Britton,"Britton, Annie; Shipley, Martin; Singh-Manoux, Archana; Marmot, Michael G.",2008,10.1111/j.1532-5415.2008.01740.x,2,1,2,1,1,1,3,1,2,England†,"5,823",H 71%,London-based office workers,> 42,NA,17,7,Successful aging ,13.6,14.6,12.8,Free of major disease,Good physical function,Good mental function,,,,,,,,1,2,
21/12/2021,,,paused ,,Trajectories of ageing well among older Australians: a 16-year longitudinal study.,BROWNING,"BROWNING, COLETTE J.; ENTICOTT, JOANNE C.; THOMAS, SHANE A.; KENDIG, HAL",2018,10.1017/S0144686X17000162,,,,,,,,,,,,,,,,,,,,,,,,,,,,,,,,,,
21/12/2021,,,paused ,,"Successful ageing from old to very old: a longitudinal study of 12,432 women from Australia.",Byles,"Byles, Julie E.; Rahman, Md Mijanur; Princehorn, Emily M.; Holliday, Elizabeth G.; Leigh, Lucy; Loxton, Deborah; Beard, John; Kowal, Paul; Jagger, Carol",2019,10.1093/ageing/afz116,,,,,,,,,,,,,,,,,,,,,,,,,,,,,,,,,,
21/12/2021,,,removed,,Can maintaining cognitive function at 65 years old predict successful ageing 6 years later? The PROOF study.,Castro-Lionard,"Castro-Lionard, Karine; Thomas-Ant√©rion, Catherine; Crawford-Achour, Emilie; Rouch, Isabelle; Trombert-Paviot, B√©atrice; Barth√©l√©my, Jean-Claude; Laurent, Bernard; Roche, Fr√©d√©ric; Gonthier, R√©gis",2011,10.1093/ageing/afq174,,,,,,,,,,,,,,,,,,,,,,,,,,,,,,,,,,
21/12/2021,,,paused ,,Transitioning From Successful Aging: A Life Course Approach.,Cooney,"Cooney, Teresa M.; Curl, Angela L.",2019,10.1177/0898264317737892,,,,,,,,,,,,,,,,,,,,,,,,,,,,,,,,,,
21/12/2021,,,paused ,,Associations of Lifestyle Behaviour and Healthy Ageing in Five Latin American and the Caribbean Countries-A 10/66 Population-Based Cohort Study.,Daskalopoulou,"Daskalopoulou, Christina; Koukounari, Artemis; Ayuso-Mateos, Jos√© Luis; Prince, Martin; Prina, A. Matthew",2018,10.3390/nu10111593,,,,,,,,,,,,,,,,,,,,,,,,,,,,,,,,,,
21/12/2021,,,paused ,,The Healthy Aging Index analyzed over 15 years in the general population: The Doetinchem Cohort Study ,Dieteren ,"Charlotte M. Dieterena, Leonard D. Samsonb, Maarten Schipperb, Job van Exela, Werner B.F. Brouwera, W.M. Monique Verschurenb, H. Susan J. Picavet",2020,10.1016/j.ypmed.2020.106193,,,,,,,,,,,,,,,,,,,,,,,,,,,,,,,,,,
21/12/2021,,,removed,,Sociodemographic Factors Associated With Changes in Successful Aging in Spain: A Follow-Up Study.,DomÈnech-Abella,"Dom√®nech-Abella, Joan; Perales, Jaime; Lara, Elvira; Moneta, Maria Victoria; Izquierdo, Ana; Rico-Uribe, Laura Alejandra; Mund√≥, Jordi; Haro, Josep Maria",2018,10.1177/0898264317714327,,,,,,,,,,,,,,,,,,,,,,,,,,,,,,,,,,
21/12/2021,,,removed,,The impact of socioeconomic status on the association between biomedical and psychosocial well-being and all-cause mortality in older Spanish adults.,DomÈnech-Abella,"Dom√©nech-Abella, Joan; Mund√≥, Jordi; Moneta, Maria Victoria; Perales, Jaime; Ayuso-Mateos, Jos√© Luis; Miret, Marta; Haro, Josep Maria; Olaya, Beatriz",2018,10.1007/s00127-018-1480-7,,,,,,,,,,,,,,,,,,,,,,,,,,,,,,,,,,
21/12/2021,,,removed,,A model of successful ageing in British populations.,Doyle,"Doyle, Yvonne G.; Mc Kee, Martin; Sherriff, Martyn",2012,10.1093/eurpub/ckq132,,,,,,,,,,,,,,,,,,,,,,,,,,,,,,,,,,
23/12/2021,,1,collected ,1,Sustained personal autonomy: a measure of successful aging.,Ford,Ford AB; Haug MR; Stange KC; Gaines AD; Noekler LS; Jones PK,2000,10.1177/089826430001200402,1,1,2,1,1,1,3,1,2,U.S.,487,M 70.22%,Community residents ,78,NA,2,3,Sustained personal autonomy,20.12,14.62,33.1,Assistance with personal ADLs,Instrumental activities of daily living (IADL),Sustained independence elders,,,,,,,,1,,
23/12/2021,,0,question,,The challenge of maintaining successful aging at 87 years old: the Octabaix study two-year follow-up.,Formiga,"Formiga, Francesc; Ferrer, Assumpta; Alburquerque, Jesus; Fern√°ndez-Quevedo, Manuel; Royo, Cristina; Pujol, Ram√≥n",2012,10.1089/rej.2012.1343,,,,,,,,,,Spain ,,,community-dwelling,,,,,,,,,,,,,,,,,,,,,
23/12/2021,,,paused ,,The NonaSantfeliu study. Baseline assessment and ten years of follow-up.,Formiga,"Formiga, Francesc; Ferrer, Assumpta; Lombarte, In√©s; Fern√°ndez, Coral",2015,10.1016/j.regg.2014.03.006,,,,,,,,,,,,,,,,,,,,,,,,,,,,,,,,,,
23/12/2021,,,paused ,,"Decomposition of Mediterranean Dietary Pattern on Successful Aging, Among Older Adults: A Combined Analysis of Two Epidemiological Studies.",Foscolou,"Foscolou, Alexandra; Koloverou, Efi; Matalas, Antonia-Leda; Tyrovolas, Stefanos; Chrysohoou, Christina; Sidossis, Labros; Rallidis, Loukianos; Panagiotakos, Demosthenes B.",2019,10.1177/0898264318780608,,,,,,,,,,,,,,,,,,,,,,,,,,,,,,,,,,
23/12/2021,,,paused ,,Adherence to Dietary Guidelines and Successful Aging Over 10 Years.,Gopinath,"Gopinath, Bamini; Russell, Joanna; Kifley, Annette; Flood, Victoria M.; Mitchell, Paul",2016,10.1093/gerona/glv189,,,,,,,,,,,,,,,,,,,,,,,,,,,,,,,,,,
23/12/2021,,,paused ,,Association Between Carbohydrate Nutrition and Successful Aging Over 10 Years.,Gopinath,"Gopinath, Bamini; Flood, Victoria M.; Kifley, Annette; Louie, Jimmy C. Y.; Mitchell, Paul",2016,10.1093/gerona/glw091,,,,,,,,,,,,,,,,,,,,,,,,,,,,,,,,,,
23/12/2021,,,paused ,,Association between vision and hearing impairment and successful aging over five years.,Gopinath,"Gopinath, Bamini; Liew, Gerald; Burlutsky, George; McMahon, Catherine M.; Mitchell, Paul",2021,10.1016/j.maturitas.2020.10.015,,,,,,,,,,,,,,,,,,,,,,,,,,,,,,,,,,
23/12/2021,,1,collected ,1,Profile and determinants of successful aging in the Ibadan Study of Ageing.,Gureje,"Gureje, Oye; Oladeji, Bibilola D.; Abiona, Taiwo; Chatterji, Somnath",2014,10.1111/jgs.12802,2,1,2,1,1,1,3,1,3,Nigeria ,957,M 61.1%,Community-based,> 65,65 - >80,5,4,Successful aging,7.5,6,8.4,No chronic health condition,Functional Independence,Life Satisfaction,,,,,,,,1,1,2
27/12/2021,,,removed,,Cognitive and non-cognitive factors contributing to the longitudinal identification of successful older adults in the betula study.,Habib,"Habib, Reza; Nyberg, Lars; Nilsson, Lars-G√∂ran",2007,10.1080/13825580600582412,,,,,,,,,,,,,,,,,,,,,,,,,,,,,,,,,,
11/01/2022,,,paused ,,Taking up physical activity in later life and healthy ageing: the English longitudinal study of ageing.,Hamer,"Hamer, Mark; Lavoie, Kim L.; Bacon, Simon L.",2014,10.1136/bjsports-2013-092993,,,,,,,,,,,,,,,,,,,,,,,,,,,,,,,,,,
11/01/2022,,,paused ,,"Dietary quality, lifestyle factors and healthy ageing in Europe: the SENECA study.",Haveman-Nies,Haveman-Nies A; de Groot LCP; van Staveren WA,2003,10.1093/ageing/32.4.427,,,,,,,,,,,,,,,,,,,,,,,,,,,,,,,,,,
11/01/2022,,,removed,,"Life and living in advanced age: a cohort study in New Zealand--e PuƒÅwaitanga o Nga Tapuwae Kia Ora Tonu, LiLACS NZ: study protocol.",Hayman,"Hayman, Karen J.; Kerse, Ngaire; Dyall, Lorna; Kepa, Mere; Teh, Ruth; Wham, Carol; Clair, Valerie Wright-St; Wiles, Janine; Keeling, Sally; Connolly, Martin J.; Wilkinson, Tim J.; Moyes, Simon; Broad, Joanna B.; Jatrana, Santosh",2012,10.1186/1471-2318-12-33,,,,,,,,,,,,,,,,,,,,,,,,,,,,,,,,,,
11/01/2022,,,paused ,,Diabetes and ageing in the Melbourne Collaborative Cohort Study (MCCS).,Hodge,"Hodge, Allison M.; Flicker, Leon; O'Dea, Kerin; English, Dallas R.; Giles, Graham G.",2013,10.1016/j.diabres.2013.03.024,,,,,,,,,,,,,,,,,,,,,,,,,,,,,,,,,,
11/01/2022,,,paused ,,Dietary patterns as predictors of successful ageing.,Hodge,"Hodge, A. M.; O'Dea, K.; English, D. R.; Giles, G. G.; Flicker, L.",2014,10.1007/s12603-013-0405-0,,,,,,,,,,,,,,,,,,,,,,,,,,,,,,,,,,
11/01/2022,,,paused ,,Social connectedness and predictors of successful ageing.,Hodge,"Hodge, Allison M.; English, Dallas R.; Giles, Graham G.; Flicker, Leon",2013,10.1016/j.maturitas.2013.05.002,,,,,,,,,,,,,,,,,,,,,,,,,,,,,,,,,,
11/01/2022,,,paused ,,Impact of morbidity and life events on successful aging.,Hsu,"Hsu, Hui-Chuan",2011,10.1177/1010539511412575,,,,,,,,,,,,,,,,,,,,,,,,,,,,,,,,,,
11/01/2022,,0,question,,Predicted factors for older Taiwanese to be healthy octogenarians: Results of an 18-year national cohort study.,Hsu,"Hsu, Wei-Chung; Tsai, Alan C.; Chen, Yu-Chia; Wang, Jiun-Yi",2017,10.1111/ggi.13112,,,,,,,,,,,,,,,,,,,,,,,,,,,,,,,,,,
11/01/2022,,1,collected ,1,Optimism and Healthy Aging in Women.,James,"James, Peter; Kim, Eric S.; Kubzansky, Laura D.; Zevon, Emily S.; Trudel-Fitzgerald, Claudia; Grodstein, Francine",2019,10.1016/j.amepre.2018.07.037,3,1,3,1,1,1,3,1,2,U.S.,"33,326",M 100%,Nurses' Health study,67.9,NA,8,2,Healthy aging,20.5,NA,NA,Surviving through follow-up,Free of major chronic diseases.,No subjective memory impairment,No major physical limitation,,,,,,,2,2,3
11/01/2022,,,removed,,Long-term assessment of inflammation and healthy aging in late life: the Cardiovascular Health Study All Stars.,Jenny,"Jenny, Nancy S.; French, Benjamin; Arnold, Alice M.; Strotmeyer, Elsa S.; Cushman, Mary; Chaves, Paulo H. M.; Ding, Jingzhong; Fried, Linda P.; Kritchevsky, Stephen B.; Rifkin, Dena E.; Sarnak, Mark J.; Newman, Anne B.",2012,10.1093/gerona/glr261,,,,,,,,,,,,,,,,,,,,,,,,,,,,,,,,,,
11/01/2022,,,paused ,,Associations of overweight and metabolic health with successful aging: 32-year follow-up of the Helsinki Businessmen Study.,Jyv√É¬§korpi,"Jyv√§korpi, Satu K.; Urtamo, Annele; Strandberg, Arto Y.; von Bonsdorff, Mikaela; Salomaa, Veikko; Kivim√§ki, Mika; Luotola, Kari; Strandberg, Timo E.",2020,10.1016/j.clnu.2019.06.011,,,,,,,,,,,,,,,,,,,,,,,,,,,,,,,,,,
11/01/2022,,1,collected ,1,Prevalence and Factors Associated With Thriving in Older Adulthood: A 10-Year Population-Based Study.,Kaplan,"Kaplan, Mark S.; Huguet, Nathalie; Orpana, Heather; Feeny, David; McFarland, Bentson H.; Ross, Nancy",2008,10.1093/gerona/63.10.1097,1,1,2,2,1,1,3,1,2,Canada ,"2,432",M 59.54%,Canadian National Population Health Survey,70,65 - 85,10,6,Successful aging ,8,7.9,11.7,Health Status,,,,,,,,,,1,2,2
12/01/2022,,1,collected ,1,Optimism and Healthy Aging in Women and Men.,Kim,"Kim, Eric S.; James, Peter; Zevon, Emily S.; Trudel-Fitzgerald, Claudia; Kubzansky, Laura D.; Grodstein, Francine",2019,10.1093/aje/kwz056,1,1,2,1,1,1,3,1,2,U.S.,"5,698",M 61.2%,Health and Retirement Study,66,66 - 68,8,04-mar,Healhty aging,49,NA,NA,Good cognitive function ,Good Physical function,No major chronic diseases,,,,,,,,3,2,2
12/01/2022,,,paused ,,Socioeconomic inequalities in a 16-year longitudinal measurement of successful ageing.,Kok,"Kok, Almar A. L.; Aartsen, Marja J.; Deeg, Dorly J. H.; Huisman, Martijn",2016,10.1136/jech-2015-206938,,,,,,,,,,,,,,,,,,,,,,,,,,,,,,,,,,
12/01/2022,,,paused ,,The Effects of Life Events and Socioeconomic Position in Childhood and Adulthood on Successful Aging.,Kok,"Kok, Almar A. L.; Aartsen, Marja J.; Deeg, Dorly J. H.; Huisman, Martijn",2017,10.1093/geronb/gbw111,,,,,,,,,,,,,,,,,,,,,,,,,,,,,,,,,,
13/01/2022,,,paused ,,"Social determinants, health status and 10-year mortality among 10,906 older adults from the English longitudinal study of aging: the ATHLOS project.",Kollia,"Kollia, Natasa; Caballero, Francisco F√©lix; S√°nchez-Niub√≥, Albert; Tyrovolas, Stefanos; Ayuso-Mateos, Jos√© Luis; Haro, Josep Maria; Chatterji, Somnath; Panagiotakos, Demosthenes B.",2018,10.1186/s12889-018-6288-6,,,,,,,,,,,,,,,,,,,,,,,,,,,,,,,,,,
13/01/2022,,,removed,,"Mental health in the aged: prevalence, covariates and related neuroendocrine, cardiovascular and inflammatory factors of successful aging.",La cruz,"Lacruz, Maria E.; Emeny, Rebecca T.; Bickel, Horst; Cramer, Barbara; Kurz, Alexander; Bidlingmaier, Martin; Huber, Dorothea; Klug, G√ºnther; Peters, Annette; Ladwig, Karl H.",2010,10.1186/1471-2288-10-36,,,,,,,,,,,,,,,,,,,,,,,,,,,,,,,,,,
13/01/2022,,,removed,,Age-Related Alterations in Endocrine Markers Do Not Match Changes in Psychosocial Measures: Findings From the Men's Health 40+ Longitudinal Study.,Lacker,"Lacker, T. J.; Walther, A.; Ehlert, U.",2020,10.1177/1557988320926332,,,,,,,,,,,,,,,,,,,,,,,,,,,,,,,,,,
13/01/2022,,,removed,,Aging Well Among Women Veterans Compared With Non-Veterans in the Womenís Health Initiative.,LaCroix,"LaCroix AZ, Rillamas-Sun E, Woods NF, Weitlauf J, Zaslavsky O, Shih R, et†al. ",2016,10.1093/geront/gnv124,,,,,,,,,,,,,,,,,,,,,,,,,,,,,,,,,,
13/01/2022,,,paused ,,Serial circulating omega 3 polyunsaturated fatty acids and healthy ageing among older adults in the Cardiovascular Health Study: prospective cohort study.,Lai,"Lai, Heidi Tm; de Oliveira Otto, Marcia C.; Lemaitre, Rozenn N.; McKnight, Barbara; Song, Xiaoling; King, Irena B.; Chaves, Paulo Hm; Odden, Michelle C.; Newman, Anne B.; Siscovick, David S.; Mozaffarian, Dariush",2018,10.1136/bmj.k4067,,,,,,,,,,,,,,,,,,,,,,,,,,,,,,,,,,
13/01/2022,,,question,,Association of 10-Year C-Reactive Protein Trajectories With Markers of Healthy Aging: Findings From the English Longitudinal Study of Aging.,Lassale,"Lassale, Camille; Batty, G. David; Steptoe, Andrew; Cadar, Dorina; Akbaraly, Tasnime N.; Kivim√§ki, Mika; Zaninotto, Paola",2019,10.1093/gerona/gly028,,,,,,,,,,,,,,,,,,,,,,,,,,,,,,,,,,
13/01/2022,,,paused ,,Evaluation of successful aging among older people in China: Results from China health and retirement longitudinal study.,Liu,"Liu, Huaqing; Byles, Julie E.; Xu, Xiaoyue; Zhang, Min; Wu, Xuesen; Hall, John J.",2017,10.1111/ggi.12848,,,,,,,,,,,,,,,,,,,,,,,,,,,,,,,,,,
13/01/2022,,,paused ,,What factors influence healthy aging? A person-centered approach among older adults in Taiwan.,Liu,"Liu, Li-Fan; Su, Pei-Fang",2017,10.1111/ggi.12774,,,,,,,,,,,,,,,,,,,,,,,,,,,,,,,,,,
13/01/2022,,,paused ,,Social Participation and Healthy Aging Among the Older Japanese:  The Ohsaki Cohort 2006 Study,Lu,"Lu, Yukai; Matsuyama, Sanae MS; Tanji, Fumiya; Otsuka, Tatsui; Tomata, Yasutake; Tsuji, Ichiro",2021,10.1093/gerona/glab101,,,,,,,,,,,,,,,,,,,,,,,,,,,,,,,,,,
17/01/2022,,,paused ,,"Adult height, dietary patterns, and healthy aging.",Ma,"Ma, Wenjie; Hagan, Kaitlin A.; Heianza, Yoriko; Sun, Qi; Rimm, Eric B.; Qi, Lu",2017,10.3945/ajcn.116.147256,,,,,,,,,,,,,,,,,,,,,,,,,,,,,,,,,,
17/01/2022,,0,question,,Educational differences in trajectories and determinants of healthy ageing in midlife and older Americans.,McLaughlin,"McLaughlin, Sara J.; Kim, Seonjin; Li, Lydia W.; Zhang, Jiaan",2020,10.1016/j.maturitas.2020.01.002,,,,,,,,,,,,,,,,,,,,,,,,,,,,,,,,,,
17/01/2022,,0,question,,Contribution of education to health and life satisfaction in older adults mediated by negative affect.,Meeks,Meeks S; Murrell SA,2001,10.1177/089826430101300105,,,,,,,,,,,,,,,,,,,,,,,,,,,,,,,,,,
17/01/2022,,0,question,,Educational differences in trajectories and determinants of healthy ageing in midlife and older Americans.,Mej√É¬≠a,"Mej√≠a, Shannon T.; Ryan, Lindsay H.; Gonzalez, Richard; Smith, Jacqui",2017,10.1093/geronb/gbw148,,,,,,,,,,,,,,,,,,,,,,,,,,,,,,,,,,
18/01/2022,,,paused ,,The impact of physical activity on healthy ageing trajectories: evidence from eight cohort studies.,Moreno-Agostino,"Moreno-Agostino, Dar√≠o; Daskalopoulou, Christina; Wu, Yu-Tzu; Koukounari, Artemis; Haro, Josep Maria; Tyrovolas, Stefanos; Panagiotakos, Demosthenes B.; Prince, Martin; Prina, A. Matthew",2020,10.1186/s12966-020-00995-8,,,,,,,,,,,,,,,,,,,,,,,,,,,,,,,,,,
18/01/2022,,0,question,,Association between successful aging transitions and depressive symptoms among older Korean adults: findings from the Korean longitudinal study of aging (2006-2018).,Nari,"Nari, Fatima; Jang, Bich Na; Kim, Selin; Jeong, Wonjeong; Jang, Sung-In; Park, Eun-Cheol",2021,10.1186/s12877-021-02250-6,,,,,,,,,,Korea,"7,856",M 56%,Korean Residents ,> 45,45 - >65,12,7,Successful aging ,33%,35.20%,32.90%,Absence of disability ADL,Absence of disability IADL,Maintenance of high mental function ,Maintenance of high fisical function ,Continued engagement with life,,,,,,1,2,2
18/01/2022,,0,question,,Successful aging: effect of subclinical cardiovascular disease.,Newman,"Newman, Anne B.; Arnold, Alice M.; Naydeck, Barbara L.; Fried, Linda P.; Burke, Gregory L.; Enright, Paul; Gottdiener, John; Hirsch, Calvin; O'Leary, Daniel; Tracy, Russell",2003,10.1001/archinte.163.19.2315,,,,,,,,,,,,,,,,,,,,,,,,,,,,,,,,,,
18/01/2022,,1,ongoing,,Determinants of successful aging using a multidimensional definition among Chinese elderly in Singapore.,Ng,"Ng, Tze Pin; Broekman, Birit F. P.; Niti, Matthew; Gwee, Xinyi; Kua, Ee Heok",2009,10.1097/JGP.0b013e31819a808e,,,,,,,,,,,,,,,,,,,,,,,,,,,,,,,,,,
18/01/2022,,,paused ,,The change and correlates of healthy ageing among Chinese older adults: findings from the China health and retirement longitudinal study.,Nie,"Nie, Peng; Li, Yan; Zhang, Nan; Sun, Xiaomin; Xin, Bao; Wang, Youfa",2021,10.1186/s12877-021-02026-y,,,,,,,,,,,,,,,,,,,,,,,,,,,,,,,,,,
18/01/2022,,1,ongoing,,A Longitudinal Examination of the Effects of Early Influences and Midlife Characteristics on Successful Aging.,Pruchno,"Pruchno, Rachel A.; Wilson-Genderson, Maureen",2015,10.1093/geronb/gbu046,,,,,,,,,,,,,,,,,,,,,,,,,,,,,,,,,,
19/01/2022,,,removed,,Determinant factors for healthy aging among senior citizens in a large city: the Epidoso Project in S√£o Paulo.,Ramos,"Ramos, Luiz Roberto",2003,10.1590/s0102-311x2003000300011,,,,,,,,,,,,,,,,,,,,,,,,,,,,,,,,,,
19/01/2022,,,ongoing,,Sixteen-year predictors of successful aging from a southern Brazilian cohort: The PALA study,Rinaldi,"Rinaldi, Juciclara; do Canto Souza, Gabriele; Camozzato, Ana Luiza; Chaves, Marcia Lorena Fagundes",2018,10.1590/1980-57642018dn12-030002,,,,,,,,,,,,,,,,,,,,,,,,,,,,,,,,,,
19/01/2022,,,paused ,,Prospective association between body mass index at midlife and healthy aging among French adults.,Ruhunuhewa,"Ruhunuhewa, Indunil; Adjibade, Moufidath; Andreeva, Valentina A.; Galan, Pilar; Hercberg, Serge; Assmann, Karen E.; Kesse-Guyot, Emmanuelle",2017,10.1002/oby.21853,,,,,,,,,,,,,,,,,,,,,,,,,,,,,,,,,,
19/01/2022,,,paused ,,Influence of individual and combined healthy behaviours on successful aging.,Sabia,"Sabia, S√©verine; Singh-Manoux, Archana; Hagger-Johnson, Gareth; Cambois, Emmanuelle; Brunner, Eric J.; Kivimaki, Mika",2012,10.1503/cmaj.121080,,,,,,,,,,,,,,,,,,,,,,,,,,,,,,,,,,
19/01/2022,,0,question,,Long-lasting active lifestyle and successful cognitive aging in a healthy elderly population: The PROOF cohort.,Saint,"Saint Martin, M.; Sforza, E.; Barth√©l√©my, J. C.; Roche, F.; Lef√®vre, P.; Li√©nard, G.; Thomas-Anterion, C.",2017,10.1016/j.neurol.2017.05.009,,,,,,,,,,,,,,,,,,,,,,,,,,,,,,,,,,
19/01/2022,,,paused ,,Cystatin C and aging success.,Sarnak,"Sarnak, Mark J.; Katz, Ronit; Fried, Linda F.; Siscovick, David; Kestenbaum, Brian; Seliger, Stephen; Rifkin, Dena; Tracy, Russell; Newman, Anne B.; Shlipak, Michael G.",2008,10.1001/archinternmed.2007.40,,,,,,,,,,,,,,,,,,,,,,,,,,,,,,,,,,
19/01/2022,,0,question,,Associations of parental ages at childbirth with healthy aging among women.,Shadyab,"Shadyab, Aladdin H.; Manson, JoAnn E.; Li, Wenjun; Gass, Margery; Brunner, Robert L.; Naughton, Michelle J.; Cannell, Brad; Howard, Barbara V.; LaCroix, Andrea Z.",2019,10.1016/j.maturitas.2019.08.002,,,,,,,,,,,,,,,,,,,,,,,,,,,,,,,,,,
19/01/2022,,0,question,,Parental longevity predicts healthy ageing among women.,Shadyab,"Shadyab, Aladdin H.; Manson, JoAnn E.; Li, Wenjun; Gass, Margery; Brunner, Robert L.; Naughton, Michelle J.; Cannell, Brad; Howard, Barbara V.; LaCroix, Andrea Z.",2018,10.1093/ageing/afy125,,,,,,,,,,,,,,,,,,,,,,,,,,,,,,,,,,
20/01/2022,,,removed,,Approaches in methodology for population-based longitudinal study on neuroprotective model for healthy longevity (TUA) among Malaysian Older Adults.,Shahar,"Shahar, Suzana; Omar, Azahadi; Vanoh, Divya; Hamid, Tengku Aizan; Mukari, Siti Zamratol Mai-Sarah; Din, Normah Che; Rajab, Nor Fadilah; Mohammed, Zainora; Ibrahim, Rahimah; Loo, Won Hui; Meramat, Asheila; Kamaruddin, Mohd Zul Amin; Bagat, Mohamad Fazdillah; Razali, Rosdinom",2016,10.1007/s40520-015-0511-4,,,,,,,,,,,,,,,,,,,,,,,,,,,,,,,,,,
20/01/2022,,,paused ,,Association of body mass index and waist circumference with successful aging.,Singh-Manoux,"Singh-Manoux, Archana; Sabia, S√©verine; Bouillon, Kim; Brunner, Eric J.; Grodstein, Francine; Elbaz, Alexis; Kivimaki, Mika",2014,10.1002/oby.20651,,,,,,,,,,,,,,,,,,,,,,,,,,,,,,,,,,
20/01/2022,,0,question,,"Associations with successful ageing in the """"""""Healthy Old People in Edinburgh"""""""" cohort: being well, fit and healthy.",Starr,"Starr, John M.; Deary, Ian J.; Macintyre, Sally",2003,10.1007/BF03324519,,,,,,,,,,,,,,,,,,,,,,,,,,,,,,,,,,
20/01/2022,,,removed,,British Columbia CARMA-CHIWOS Collaboration (BCC3): protocol for a community-collaborative cohort study examining healthy ageing with and for women living with HIV.,Swann,"Swann, Shayda A; Kaida, Angela; Nicholson, Valerie; Brophy, Jason; Campbell, Amber R; Carter, Allison; Elwood, Chelsea; Gebremedhen, Tsion; Gormley, Rebecca; King, Elizabeth M; Lee, Melanie; Lee, Vonnie; Maan, Evelyn J; Magagula, Patience; Nyman, Sheila; Pang, Davi; Pick, Neora; Povshedna, Tetiana; Prior, Jerilynn C; Singer, Joel; Tognazzini, Shelly; Murray, Melanie C M; Cote, Helene C F",2021,10.1136/bmjopen-2020-046558,,,,,,,,,,,,,,,,,,,,,,,,,,,,,,,,,,
20/01/2022,,,paused ,,"Trajectories of the healthy ageing phenotype among middle-aged and older Britons, 2004-2013.",Tampubolon,"Tampubolon, Gindo",2016,10.1016/j.maturitas.2016.03.002,,,,,,,,,,,,,,,,,,,,,,,,,,,,,,,,,,
20/01/2022,,,paused ,,Is it possible to overcome the 'long arm' of childhood socioeconomic disadvantage through upward socioeconomic mobility?,Vable,"Vable, Anusha M.; Gilsanz, Paola; Kawachi, Ichiro",2019,10.1093/pubmed/fdz018,,,,,,,,,,,,,,,,,,,,,,,,,,,,,,,,,,
20/01/2022,,0,question,,Successful aging.,Vaillant,Vaillant GE; Mukamal K,2001,10.1176/appi.ajp.158.6.839,,,,,,,,,,,,,,,,,,,,,,,,,,,,,,,,,,
20/01/2022,,,paused ,,Association between northern Manhattan study global vascular risk score and successful aging.,Warsch,"Warsch, Jessica R. L.; Rundek, Tatjana; Paik, Myunghee C.; Elkind, Mitchell S. V.; Sacco, Ralph L.; Wright, Clinton B.",2013,10.1111/jgs.12166,,,,,,,,,,,,,,,,,,,,,,,,,,,,,,,,,,
20/01/2022,,,removed,,Predictors and characteristics of successful aging among men: a 48-year longitudinal study.,Westermeyer,"Westermeyer, Jerry F.",2013,10.2190/AG.76.4.c,,,,,,,,,,,,,,,,,,,,,,,,,,,,,,,,,,
20/01/2022,,0,question,,"The role of income and occupation in the association of education with healthy aging: results from a population-based, prospective cohort study.",White,"White, Christine M.; St John, Philip D.; Cheverie, Madelon R.; Iraniparast, Maryam; Tyas, Suzanne L.",2015,10.1186/s12889-015-2504-9,,,,,,,,,,,,,,,,,,,,,,,,,,,,,,,,,,
21/01/2022,,,paused ,,Associations of Successful Aging With Socioeconomic Position Across the Life-Course: The West of Scotland Twenty-07 Prospective Cohort Study.,Whitley,"Whitley, Elise; Benzeval, Michaela; Popham, Frank",2018,10.1177/0898264316665208,,,,,,,,,,,,,,,,,,,,,,,,,,,,,,,,,,
21/01/2022,,1,ongoing,,Comparison of the Rowe-Kahn Model of Successful Aging With Self-rated Health and Life Satisfaction: The West of Scotland Twenty-07 Prospective Cohort Study.,Whitley,"Whitley, Elise; Popham, Frank; Benzeval, Michaela",2016,10.1093/geront/gnv054,,,,,,,,,,,,,,,,,,,,,,,,,,,,,,,,,,
21/01/2022,,,removed,,A salutogenic inquiry into positive aging - a longitudinal analysis.,Wiesmann,"Wiesmann, Ulrich; Hannich, Hans-Joachim",2019,10.1080/13607863.2018.1501667,,,,,,,,,,,,,,,,,,,,,,,,,,,,,,,,,,
24/01/2022,,,ongoing,,The onset of widespread musculoskeletal pain is associated with a decrease in healthy ageing in older people: a population-based prospective study.,Wilkie,"Wilkie, Ross; Tajar, Abdelouahid; McBeth, John",2013,10.1371/journal.pone.0059858,,,,,,,,,,,,,,,,,,,,,,,,,,,,,,,,,,
24/01/2022,,,removed,,"Caloric Restriction, the Traditional Okinawan Diet, and Healthy Aging: The Diet of the World's Longest-Lived People and Its Potential Impact on Morbidity and Life Span.  Miscellaneous Article",Willcox,"Willcox, BRADLEY J. a; Willcox, D. CRAIG a; Todoriki, HIDEMI d; Fujiyoshi, AKIRA b; Yano, KATSUHIKO a; He, QIMEI a; Curb, J. DAVID a; Suzuki, MAKOTO e",2007,NA,,,,,,,,,,,,,,,,,,,,,,,,,,,,,,,,,,
24/01/2022,,,paused ,,Education and wealth inequalities in healthy ageing in eight harmonised cohorts in the ATHLOS consortium: a population-based study.,Wu,"Wu, Yu-Tzu; Daskalopoulou, Christina; Muniz Terrera, Graciela; Sanchez Niubo, Albert; Rodr√≠guez-Artalejo, Fernando; Ayuso-Mateos, Jose Luis; Bobak, Martin; Caballero, Francisco F√©lix; de la Fuente, Javier; de la Torre-Luque, Alejandro; Garc√≠a-Esquinas, Esther; Haro, Jose Maria; Koskinen, Seppo; Koupil, Ilona; Leonardi, Matilde; Pajak, Andrzej; Panagiotakos, Demosthenes; Stefler, Denes; Tobias-Adamczyk, Beata; Prince, Martin; Prina, A. Matthew",2020,10.1016/S2468-2667(20)30077-3,,,,,,,,,,,,,,,,,,,,,,,,,,,,,,,,,,
24/01/2022,,,removed,,Influence Of Exercise And Gardening Activity On Successful Aging: A Six-year Cohort Study: 3016 May 29 2:45 PM - 3:00 PM,Yang,"Yang, Yuxin; Wen, Xu",2020,10.1249/01.mss.0000684580.61554.43,,,,,,,,,,,,,,,,,,,,,,,,,,,,,,,,,,
24/01/2022,,,paused ,,Associations of Weight Gain From Early to Middle Adulthood With Major Health Outcomes Later in Life.,Zheng,"Zheng, Yan; Manson, JoAnn E.; Yuan, Changzheng; Liang, Matthew H.; Grodstein, Francine; Stampfer, Meir J.; Willett, Walter C.; Hu, Frank B.",2017,10.1001/jama.2017.7092,,,,,,,,,,,,,,,,,,,,,,,,,,,,,,,,,,
24/01/2022,,,paused ,,Association Between Dietary Patterns in Midlife and Healthy Ageing in Chinese Adults: The Singapore Chinese Health Study.,Zhou,"Zhou, Yan-Feng; Song, Xing-Yue; Wu, Jing; Chen, Guo-Chong; Neelakantan, Nithya; van Dam, Rob M.; Feng, Lei; Yuan, Jian-Min; Pan, An; Koh, Woon-Puay",2021,10.1016/j.jamda.2020.09.045,,,,,,,,,,,,,,,,,,,,,,,,,,,,,,,,,,
